<?xml version="1.0" encoding="UTF-8"?>
<metadata xml:lang="en"><Esri><CreaDate>20140215</CreaDate><CreaTime>14175200</CreaTime><ArcGISFormat>1.0</ArcGISFormat><SyncOnce>TRUE</SyncOnce><DataProperties><lineage><Process ToolSource="c:\program files (x86)\arcgis\desktop10.2\ArcToolbox\Toolboxes\Data Management Tools.tbx\DeleteField" Date="20140215" Time="141752">DeleteField Peanut_Prod_By_County GEO_ID;STATE;COUNTY;NAME;LSAD;CENSUSAREA;Program;Year;Period;Week_Endin;Geo_Level;State_ANSI;St_ANSI;Ag_Distric;Ag_Distr_1;County_ANS;Cty_ANSI;Full_ANSI;Zip_Code;Region;Watershed;Commodity;Domain;Domain_Cat</Process></lineage></DataProperties></Esri></metadata>
