<?xml version="1.0" encoding="UTF-8"?>
<metadata xml:lang="en"><Esri><CreaDate>20140214</CreaDate><CreaTime>22534200</CreaTime><ArcGISFormat>1.0</ArcGISFormat><SyncOnce>TRUE</SyncOnce><DataProperties><lineage><Process ToolSource="c:\program files (x86)\arcgis\desktop10.2\ArcToolbox\Toolboxes\Data Management Tools.tbx\DeleteField" Date="20140214" Time="224819">DeleteField NG_Pop_Per_State2 GEOID10;ALAND10;AWATER10;INTPTLAT10;INTPTLON10;DP0010002;DP0010003;DP0010004;DP0010005;DP0010006;DP0010007;DP0010008;DP0010009;DP0010010;DP0010011;DP0010012;DP0010013;DP0010014;DP0010015;DP0010016;DP0010017;DP0010018;DP0010019;DP0010020;DP0010021;DP0010022;DP0010023;DP0010024;DP0010025;DP0010026;DP0010027;DP0010028;DP0010029;DP0010030;DP0010031;DP0010032;DP0010033;DP0010034;DP0010035;DP0010036;DP0010037;DP0010038;DP0010039;DP0010040;DP0010041;DP0010042;DP0010043;DP0010044;DP0010045;DP0010046;DP0010047;DP0010048;DP0010049;DP0010050;DP0010051;DP0010052;DP0010053;DP0010054;DP0010055;DP0010056;DP0010057;DP0020001;DP0020002;DP0020003;DP0030001;DP0030002;DP0030003;DP0040001;DP0040002;DP0040003;DP0050001;DP0050002;DP0050003;DP0060001;DP0060002;DP0060003;DP0070001;DP0070002;DP0070003;DP0080001;DP0080002;DP0080003;DP0080004;DP0080005;DP0080006;DP0080007;DP0080008;DP0080009;DP0080010;DP0080011;DP0080012;DP0080013;DP0080014;DP0080015;DP0080016;DP0080017;DP0080018;DP0080019;DP0080020;DP0080021;DP0080022;DP0080023;DP0080024;DP0090001;DP0090002;DP0090003;DP0090004;DP0090005;DP0090006;DP0100001;DP0100002;DP0100003;DP0100004;DP0100005;DP0100006;DP0100007;DP0110001;DP0110002;DP0110003;DP0110004;DP0110005;DP0110006;DP0110007;DP0110008;DP0110009;DP0110010;DP0110011;DP0110012;DP0110013;DP0110014;DP0110015;DP0110016;DP0110017;DP0120001;DP0120002;DP0120003;DP0120004;DP0120005;DP0120006;DP0120007;DP0120008;DP0120009;DP0120010;DP0120011;DP0120012;DP0120013;DP0120014;DP0120015;DP0120016;DP0120017;DP0120018;DP0120019;DP0120020;DP0130001;DP0130002;DP0130003;DP0130004;DP0130005;DP0130006;DP0130007;DP0130008;DP0130009;DP0130010;DP0130011;DP0130012;DP0130013;DP0130014;DP0130015;DP0140001;DP0150001;DP0160001;DP0170001;DP0180001;DP0180002;DP0180003;DP0180004;DP0180005;DP0180006;DP0180007;DP0180008;DP0180009;DP0190001;DP0200001;DP0210001;DP0210002;DP0210003;DP0220001;DP0220002;DP0230001;DP0230002;Shape_Leng;Shape_Area;State_Terr</Process><Process ToolSource="c:\program files (x86)\arcgis\desktop10.2\ArcToolbox\Toolboxes\Data Management Tools.tbx\CalculateField" Date="20140214" Time="225138">CalculateField NG_Pop_Per_State2 State_Abbr [STUSPS10] VB #</Process><Process ToolSource="c:\program files (x86)\arcgis\desktop10.2\ArcToolbox\Toolboxes\Data Management Tools.tbx\CalculateField" Date="20140214" Time="225145">CalculateField NG_Pop_Per_State2 State [NAME10] VB #</Process><Process ToolSource="c:\program files (x86)\arcgis\desktop10.2\ArcToolbox\Toolboxes\Data Management Tools.tbx\CalculateField" Date="20140214" Time="225206">CalculateField NG_Pop_Per_State2 POP_2010 [DP0010001] VB #</Process><Process ToolSource="c:\program files (x86)\arcgis\desktop10.2\ArcToolbox\Toolboxes\Data Management Tools.tbx\CalculateField" Date="20140214" Time="225211">CalculateField NG_Pop_Per_State2 NG_ARMY [Army_Natio] VB #</Process><Process ToolSource="c:\program files (x86)\arcgis\desktop10.2\ArcToolbox\Toolboxes\Data Management Tools.tbx\CalculateField" Date="20140214" Time="225217">CalculateField NG_Pop_Per_State2 NG_AIR [Air_Nation] VB #</Process><Process ToolSource="c:\program files (x86)\arcgis\desktop10.2\ArcToolbox\Toolboxes\Data Management Tools.tbx\CalculateField" Date="20140214" Time="225224">CalculateField NG_Pop_Per_State2 NG_TOTAL [Total] VB #</Process><Process ToolSource="c:\program files (x86)\arcgis\desktop10.2\ArcToolbox\Toolboxes\Data Management Tools.tbx\DeleteField" Date="20140214" Time="225242">DeleteField NG_Pop_Per_State2 STUSPS10;NAME10;DP0010001;Army_Natio;Air_Nation;Total</Process><Process ToolSource="c:\program files (x86)\arcgis\desktop10.2\ArcToolbox\Toolboxes\Data Management Tools.tbx\DeleteFeatures" Date="20140214" Time="230002">DeleteFeatures NG_Pop_Per_State</Process><Process ToolSource="c:\program files (x86)\arcgis\desktop10.2\ArcToolbox\Toolboxes\Data Management Tools.tbx\Append" Date="20140214" Time="230048">Append NG_Pop_Per_State2 NG_Pop_Per_State NO_TEST "State_Abbr "State_Abbr" true false false 5 Text 0 0 ,First,#,NG_Pop_Per_State2,State_Abbr,-1,-1;State "State" true false false 75 Text 0 0 ,First,#,NG_Pop_Per_State2,State,-1,-1;POP_2010 "POP_2010" true false false 9 Long 0 9 ,First,#,NG_Pop_Per_State2,POP_2010,-1,-1;NG_ARMY "NG_ARMY" true false false 9 Long 0 9 ,First,#,NG_Pop_Per_State2,NG_ARMY,-1,-1;NG_AIR "NG_AIR" true false false 9 Long 0 9 ,First,#,NG_Pop_Per_State2,NG_AIR,-1,-1;NG_TOTAL "NG_TOTAL" true false false 9 Long 0 9 ,First,#,NG_Pop_Per_State2,NG_TOTAL,-1,-1" #</Process><Process ToolSource="c:\program files (x86)\arcgis\desktop10.2\ArcToolbox\Toolboxes\Data Management Tools.tbx\CalculateField" Date="20140214" Time="231522">CalculateField NG_Pop_Per_State NG_TOT_DNS "[NG_TOTAL] / [POP_2010]" VB #</Process><Process ToolSource="c:\program files (x86)\arcgis\desktop10.2\ArcToolbox\Toolboxes\Data Management Tools.tbx\CalculateField" Date="20140214" Time="231544">CalculateField NG_Pop_Per_State NG_ARM_DNS "[NG_ARMY] / [POP_2010]" VB #</Process><Process ToolSource="c:\program files (x86)\arcgis\desktop10.2\ArcToolbox\Toolboxes\Data Management Tools.tbx\CalculateField" Date="20140214" Time="231630">CalculateField NG_Pop_Per_State NG_TOT_DNS "[NG_TOTAL] / [POP_2010]" VB #</Process><Process ToolSource="c:\program files (x86)\arcgis\desktop10.2\ArcToolbox\Toolboxes\Data Management Tools.tbx\CalculateField" Date="20140214" Time="232719">CalculateField NG_Pop_Per_State NG_TOT_DNS "[NG_TOT_DNS] *100" VB #</Process><Process ToolSource="c:\program files (x86)\arcgis\desktop10.2\ArcToolbox\Toolboxes\Data Management Tools.tbx\CalculateField" Date="20140214" Time="232831">CalculateField NG_Pop_Per_State NG_TOT_DNS "([NG_TOTAL] / [POP_2010]) *1000" VB #</Process><Process ToolSource="c:\program files (x86)\arcgis\desktop10.2\ArcToolbox\Toolboxes\Data Management Tools.tbx\CalculateField" Date="20140214" Time="232908">CalculateField NG_Pop_Per_State NG_TOT_DNS round((([NG_TOTAL] / [POP_2010]) *1000),2) VB #</Process><Process ToolSource="c:\program files (x86)\arcgis\desktop10.2\ArcToolbox\Toolboxes\Data Management Tools.tbx\CalculateField" Date="20140214" Time="232959">CalculateField NG_Pop_Per_State NG_PER_1K round((([NG_TOTAL] / [POP_2010]) *1000),2) VB #</Process><Process ToolSource="c:\program files (x86)\arcgis\desktop10.2\ArcToolbox\Toolboxes\Data Management Tools.tbx\CalculateField" Date="20140214" Time="233017">CalculateField NG_Pop_Per_State NG_TOT_DNS round(([NG_TOTAL] / [POP_2010]) ,2) VB #</Process><Process ToolSource="c:\program files (x86)\arcgis\desktop10.2\ArcToolbox\Toolboxes\Data Management Tools.tbx\CalculateField" Date="20140214" Time="233026">CalculateField NG_Pop_Per_State NG_TOT_DNS ([NG_TOTAL] / [POP_2010]) VB #</Process></lineage></DataProperties></Esri></metadata>
