<?xml version="1.0" encoding="UTF-8"?>
<metadata xml:lang="en"><Esri><CreaDate>20140215</CreaDate><CreaTime>12023700</CreaTime><ArcGISFormat>1.0</ArcGISFormat><SyncOnce>TRUE</SyncOnce><DataProperties><lineage><Process ToolSource="c:\program files (x86)\arcgis\desktop10.2\ArcToolbox\Toolboxes\Data Management Tools.tbx\DeleteField" Date="20140215" Time="115446">DeleteField NewYorkCounties DATEMOD;POP1990;POP2000;SP_ZONE;DoS_LL;DoS_LL_Dat;GNIS_ID;SHAPE_Leng;SHAPE_Area;Abbreviati;sq_miles;County</Process></lineage></DataProperties></Esri></metadata>
